"","X","x"
"1","AAGGAGCTCATGTCTT","Green"
"2","ACACCGGCACCCAGTG","Green"
"3","ACAGCCGGTTATCCGA","Green"
"4","ACATGGTGTGTTTGGT","Green"
"5","ACGATGTGTCAGTGGA","Green"
"6","ACTGAGTCAAGAGTCG","Green"
"7","AGAATAGGTCGGATCC","Green"
"8","AGTAGTCAGCCTTGAT","Green"
"9","ATCTACTCATCCCATC","Green"
"10","ATCTGCCAGATGCCTT","Green"
"11","ATGCGATGTGTTGAGG","Green"
"12","CAAGAAACACAGCGTC","Green"
"13","CAAGTTGCACGAAAGC","Green"
"14","CACACAAAGCGCTTAT","Green"
"15","CACTCCACATGTAGTC","Green"
"16","CAGATCATCAGCTGGC","Green"
"17","CAGCGACAGACGCTTT","Green"
"18","CCACGGAAGATTACCC","Green"
"19","CCATGTCTCATCATTC","Green"
"20","CCTTTCTTCTTGCATT","Green"
"21","CGACTTCCAATGGATA","Green"
"22","CGAGCACTCGTTACAG","Green"
"23","CGCTTCAAGTCGCCGT","Green"
"24","CGGACACGTTTGGCGC","Green"
"25","CGGACGTCAGGAATGC","Green"
"26","CGGGTCAAGAAAGTGG","Green"
"27","CGGGTCATCTTCATGT","Green"
"28","CGTAGCGTCAGGATCT","Green"
"29","CGTCTACCACAAGTAA","Green"
"30","CTCTAATTCAGTGCAT","Green"
"31","CTGAAGTCAATGTTGC","Green"
"32","CTGAAGTGTAGTACCT","Green"
"33","CTTTGCGAGTACGTAA","Green"
"34","GACCAATCAGTTCATG","Green"
"35","GACCTGGGTCCGTTAA","Green"
"36","GACGCGTCAGGGCATA","Green"
"37","GACGGCTGTACACCGC","Green"
"38","GAGGTGAGTAAATGAC","Green"
"39","GATGAGGAGGAATCGC","Green"
"40","GCATGATTCGCTTAGA","Green"
"41","GCTGCAGGTCAGTGGA","Green"
"42","GCTTCCACATATACGC","Green"
"43","GGGAGATAGAAGAAGC","Green"
"44","GGTATTGCAGGGATTG","Green"
"45","GGTGAAGTCTGTTTGT","Green"
"46","GTACTCCGTCGAGTTT","Green"
"47","GTAGGCCAGCGATGAC","Green"
"48","GTCACAACAGTCGATT","Green"
"49","GTGCATACATGCCTTC","Green"
"50","GTGTGCGAGACAGAGA","Green"
"51","TACTTACCATGCCTTC","Green"
"52","TATCAGGAGAAGGTTT","Green"
"53","TCACAAGAGATGTAAC","Green"
"54","TCAGATGGTCAGAGGT","Green"
"55","TCAGATGGTTATCCGA","Green"
"56","TCATTACAGTGCCATT","Green"
"57","TGAAAGAAGCTCCTTC","Green"
"58","TGATTTCCACGGCCAT","Green"
"59","TGGCTGGCACGACTCG","Green"
"60","TTAGTTCGTGTAACGG","Green"
"61","TTCTCAAAGCCACGTC","Green"
"62","TTCTCAACAAGGACAC","Green"
"63","TTGGCAAGTGCAGGTA","Green"
"64","TTTATGCAGGTCGGAT","Green"
